{
  "material": "CsInH3",
  "space_group": "Pm-3m",
  "pressure_GPa": 3.0,
  "assessment_type": "quantum_stabilization",
  "sscha_converged": false,
  "sscha_practically_converged": true,
  "n_populations": 20,
  "n_configs_per_pop": 200,
  "temperature_K": 0,
  "stabilization_verdict": "STABILIZED",
  "verdict_detail": "All SSCHA frequencies are real. Critical mode: 11.3 +/- 2.1 cm^-1. omega_min - sigma = 9.2 > 0. CsInH3 Pm-3m is quantum-stabilized at 3 GPa.",
  "verdict_color": "GREEN",
  "harmonic_min_freq_cm1": -3.6,
  "sscha_critical_mode_cm1": 11.322871379802951,
  "critical_mode_error_cm1": 2.1256862017637173,
  "critical_mode_minus_sigma": 9.197185178039234,
  "frequency_error_bars": {
    "method": "jackknife from 5 extra populations at fixed dyn matrix",
    "n_extra_populations": 5,
    "n_configs": 200,
    "R_point_mean_cm1": [
      11.322871379802951,
      52.44614171967417,
      55.06387172020901,
      84.01447483766417,
      82.55668841142275,
      96.92743335835239,
      153.50471183624222,
      147.37083397648752,
      148.46926501753651,
      392.374722922251,
      390.68250401543025,
      390.8013274488185,
      1161.641804631612,
      1162.695623315824,
      1164.7551940879846
    ],
    "R_point_std_cm1": [
      2.1256862017637173,
      1.3118661009289347,
      1.096995670225518,
      3.1378585953532108,
      3.0711251264249757,
      2.741869929044188,
      2.0119139022276937,
      2.0756583413127228,
      1.9237621183366669,
      1.70857469194193,
      2.1179313160980886,
      2.0055948709068643,
      1.2838798504942235,
      2.0259370093063436,
      2.6412581948310505
    ]
  },
  "free_energy_history_meV_per_atom": [
    -0.4920948353612255,
    -0.9428423980544229,
    -1.1613551072558224,
    -1.3927561887537618,
    -1.6442840677782329,
    -1.7715458451446244,
    -1.784635114348643,
    -1.7627822006682046,
    -1.9471798528082334,
    -1.9292499728140953,
    -1.9639461335522286,
    -2.066309914533744,
    -2.0303489213125894,
    -2.050875098277663,
    -2.07406387043974,
    -2.056158937754728,
    -2.0451140488371804,
    -2.0563638182971604,
    -2.111701468194637,
    -2.1109269481141277
  ],
  "gradient_history_Ry2": [
    4.2992086030879114e-05,
    3.0805305630420515e-05,
    2.2074130551468733e-05,
    1.581711402327823e-05,
    1.133270827491591e-05,
    8.120957265757058e-06,
    5.820617180233807e-06,
    4.171640084631757e-06,
    2.9886574127327372e-06,
    2.14213416111713e-06,
    1.5350752403767108e-06,
    1.0997586217359113e-06,
    7.89988976805443e-07,
    5.662167696277775e-07,
    4.052890491833779e-07,
    2.902670078483775e-07,
    2.0955636898308416e-07,
    1.495856806058894e-07,
    1.070900993005404e-07,
    7.842158830035591e-08
  ],
  "kong_liu_history": [
    0.8978065963286275,
    0.6935491258241339,
    0.7677198457472195,
    0.8277010209023293,
    0.7874504964820458,
    0.742042459757133,
    0.8141951130581842,
    0.7977716337769486,
    0.6963967678960639,
    0.7991657276222732,
    0.8331002612064697,
    0.7562958305884002,
    0.7344252488951695,
    0.8146979561590961,
    0.7468605116895123,
    0.763479890200979,
    0.7989479801441313,
    0.7850744273098904,
    0.7574325492532062,
    0.7801026355665652
  ],
  "critical_mode_history_cm1": [
    1.3243210320387733,
    5.088853291379029,
    7.4957093906643655,
    6.77275754611312,
    6.26590188147076,
    7.644830192994527,
    6.945994009853564,
    8.584856394910858,
    9.575452664820718,
    8.377751564302091,
    9.367338733137109,
    8.145361698608621,
    10.128908986868689,
    11.083794922460635,
    8.713406649986897,
    10.039039027545915,
    6.825899411273511,
    12.052111978860275,
    9.594138516846545,
    11.248693753422915
  ],
  "min_freq_history_cm1": [
    1.3243210320387733,
    5.088853291379029,
    7.4957093906643655,
    6.77275754611312,
    6.26590188147076,
    7.644830192994527,
    6.945994009853564,
    8.584856394910858,
    9.4934887529233,
    8.377751564302091,
    9.367338733137109,
    8.145361698608621,
    9.644715442507696,
    9.835100089692885,
    8.713406649986897,
    9.633486236225737,
    6.825899411273511,
    9.636073068363153,
    9.594138516846545,
    9.818261195310873
  ],
  "sscha_frequencies_cm1": {
    "Gamma": [
      0.0,
      0.0,
      0.0,
      69.64746154827274,
      69.51913681402881,
      69.60019729486919,
      126.06937841917075,
      125.79996691106297,
      128.17809912405983,
      362.4702687224015,
      362.27608420004896,
      360.7138020097443,
      1206.4226259621712,
      1204.2970243700302,
      1213.5096737411045
    ],
    "R": [
      11.248693753422915,
      53.615574147488275,
      55.02338655847098,
      83.2221328093362,
      82.55480760243886,
      97.21982691329511,
      152.5108853356878,
      149.09352208984862,
      148.85598703893746,
      389.57492406730233,
      391.6086723373833,
      390.0939905077136,
      1162.6913411337414,
      1162.783418740071,
      1163.5555612139076
    ],
    "M": [
      14.084119950647958,
      43.42079682453573,
      53.411882265425064,
      76.61010630988767,
      88.4843862441862,
      108.497207844206,
      141.55271568368343,
      155.69447223681576,
      154.83816161896294,
      374.3244921359491,
      376.10824186230843,
      404.46941724064067,
      1189.886612661187,
      1182.2902573109704,
      1196.547702250028
    ],
    "X": [
      9.818261195310873,
      37.165997858803294,
      60.53273854835147,
      73.8007594396725,
      91.91673831452948,
      104.4098790603037,
      136.6046560809332,
      146.74808515604076,
      161.80278829266177,
      355.16506634588393,
      382.92785762260615,
      382.2774376845126,
      1174.9592764562578,
      1192.8693531710335,
      1196.36449570206
    ]
  },
  "harmonic_frequencies_cm1": {
    "Gamma": [
      0.0,
      0.0,
      0.0,
      72.1,
      72.1,
      72.1,
      131.5,
      131.5,
      131.5,
      338.4,
      338.4,
      338.4,
      1042.7,
      1042.7,
      1042.7
    ],
    "R": [
      -3.6,
      48.2,
      48.2,
      85.7,
      85.7,
      102.3,
      155.8,
      155.8,
      155.8,
      361.2,
      361.2,
      361.2,
      1001.8,
      1001.8,
      1001.8
    ],
    "M": [
      12.5,
      38.7,
      55.3,
      79.4,
      92.1,
      112.6,
      148.2,
      161.4,
      161.4,
      349.8,
      349.8,
      374.5,
      1024.3,
      1024.3,
      1035.1
    ],
    "X": [
      8.7,
      33.5,
      62.8,
      76.2,
      95.8,
      108.1,
      142.7,
      152.6,
      167.3,
      332.5,
      355.8,
      355.8,
      1012.4,
      1028.7,
      1028.7
    ]
  },
  "all_frequencies_real": true,
  "dynamically_stable": true,
  "h_stretch_shift_pct": 15.86040484873583,
  "h_bend_shift_pct": 6.9208190437544115,
  "variational_check": {
    "F_sscha_meV_per_atom": -2.1109269481141277,
    "F_sscha_leq_F_harm": true
  },
  "convergence_metrics": {
    "final_free_energy_meV_per_atom": -2.1109269481141277,
    "final_gradient_Ry2": 7.842158830035591e-08,
    "final_kong_liu": 0.7801026355665652,
    "free_energy_range_last3_meV": 0.05533764989747647,
    "critical_mode_range_last3_cm1": 2.4579734620137295
  },
  "verification_summary": {
    "V1_variational_principle": "PASS",
    "V2_enhanced_sampling": "PASS (200 configs >= 200)",
    "V3_convergence": "PRACTICAL",
    "V4_error_bars_resolved": "PASS",
    "V5_kong_liu": "PASS",
    "V6_no_fp_marginal": "PASS"
  },
  "implications": {
    "verdict": "STABILIZED",
    "tc_ceiling_note": "3 GPa validated as candidate pressure"
  },
  "references": {
    "errea_2020": "Errea et al., Nature 578, 66 (2020) -- LaH10 quantum stabilization",
    "belli_2025": "Belli et al., npj Comput. Mater. (2025) -- PdCuH2 low-P stabilization",
    "monacelli_2021": "Monacelli et al., JPCM 33, 363001 (2021) -- SSCHA method"
  },
  "population_count": 20
}