{
  "material": "CsInH3",
  "space_group": "Pm-3m",
  "pressure_GPa": 5.0,
  "sscha_converged": false,
  "n_populations": 20,
  "n_configs_per_pop": 100,
  "temperature_K": 0,
  "free_energy_history_meV_per_atom": [
    -0.4627304381625208,
    -0.8608812671562063,
    -1.047695763832967,
    -1.2353295550527,
    -1.4347600000410288,
    -1.5286730633791297,
    -1.5272408895611647,
    -1.497451067652682,
    -1.6407621219813124,
    -1.6168561258394687,
    -1.6381847320525396,
    -1.717180201455389,
    -1.6820370981278585,
    -1.6949408223647655,
    -1.7108839166441947,
    -1.693262260566965,
    -1.6819137329879035,
    -1.689594771854359,
    -1.7343777086217296,
    -1.7326892450296951
  ],
  "gradient_history_Ry2": [
    3.351614056608314e-05,
    2.2466633864837742e-05,
    1.5060619983064902e-05,
    1.0095683057289186e-05,
    6.766878898272102e-06,
    4.536457845510823e-06,
    3.0420358701739015e-06,
    2.039865539760754e-06,
    1.3671416628052284e-06,
    9.169116512913665e-07,
    6.147891604775994e-07,
    4.1203421139224195e-07,
    2.7753838943069525e-07,
    1.8622853018285671e-07,
    1.2461242832548453e-07,
    8.347120247102406e-08,
    5.70179099223726e-08,
    3.7902990422772536e-08,
    2.537182937634897e-08,
    1.8148838208437213e-08
  ],
  "kong_liu_history": [
    0.883697594995467,
    0.6149923666705541,
    0.7938172313587158,
    0.7956242909850387,
    0.6945195369977335,
    0.7748011685899725,
    0.7996211553713355,
    0.693553425898204,
    0.7042620878933712,
    0.8018500034015643,
    0.7421373557658133,
    0.7512668240914017,
    0.7339910157642394,
    0.7378798645129705,
    0.7182500243333954,
    0.7674632388396965,
    0.7395990064784861,
    0.7508616878206404,
    0.7516239334791613,
    0.7342134318891099
  ],
  "min_freq_history_cm1": [
    14.670199969967252,
    14.942658590847751,
    15.165902116705322,
    15.214852404569402,
    15.233506877970298,
    15.346517539939155,
    15.319658742279575,
    15.44250762029334,
    15.521294624269379,
    15.44111447203374,
    15.516524274325022,
    15.427938587841998,
    15.577038777246564,
    15.650001480624686,
    15.471299113250211,
    15.571895480736485,
    15.327062718148225,
    15.725535364089819,
    15.537685719829298,
    15.664147331823544
  ],
  "lambda_ratio_history": [
    0.9653830823595178,
    0.9393410256398197,
    0.9240852472504788,
    0.9102025241350277,
    0.8990399685720607,
    0.8909469283870719,
    0.886656733441966,
    0.8894032836240225,
    0.8763797610698367,
    0.8783107476424153,
    0.8726902877150636,
    0.8744203197370515,
    0.8759666060396756,
    0.874649067935185,
    0.8747805871137815,
    0.8688230161060352,
    0.8747085924603796,
    0.8758639340761583,
    0.8716548521242582,
    0.8772281485440455
  ],
  "sscha_frequencies_cm1": {
    "Gamma": [
      0.0,
      0.0,
      0.0,
      79.89064827198459,
      79.76815987148373,
      79.84553364280279,
      140.547415674621,
      140.29780108743637,
      142.50118317303068,
      378.37455215459437,
      378.22072227475206,
      376.9831072542407,
      1240.0253473205441,
      1238.5396858152603,
      1244.9787469181917
    ],
    "R": [
      15.664147331823544,
      54.8101636429754,
      55.641069996961065,
      95.64667505866572,
      95.00790325907006,
      107.73485416338694,
      165.18912337806572,
      162.10218595078447,
      161.887618231113,
      404.6057845237253,
      406.21138167556387,
      405.0155754553759,
      1192.6765085330771,
      1192.7407992952578,
      1193.2799274300307
    ],
    "M": [
      23.99590422769691,
      52.259548549525434,
      63.47843303678866,
      88.92946990384159,
      97.7937665815158,
      117.9876854355095,
      152.32727541092405,
      167.35449249949139,
      166.58873967112658,
      387.5484472378732,
      388.94960964322394,
      417.1034430327526,
      1218.182903441714,
      1212.8877979640943,
      1226.8643718077124
    ],
    "X": [
      20.54878806827703,
      45.770221647599264,
      70.05721743003708,
      85.99906872232711,
      101.93285027345908,
      114.82483041422958,
      149.4312236014682,
      158.41131333727472,
      173.83580449960127,
      369.6298037045444,
      395.95052889497686,
      395.4395625097244,
      1203.6028471669003,
      1222.975436287885,
      1225.4138361345267
    ]
  },
  "harmonic_frequencies_cm1": {
    "Gamma": [
      0.0,
      0.0,
      0.0,
      82.3,
      82.3,
      82.3,
      145.7,
      145.7,
      145.7,
      356.2,
      356.2,
      356.2,
      1089.4,
      1089.4,
      1089.4
    ],
    "R": [
      14.4,
      56.7,
      56.7,
      98.1,
      98.1,
      112.5,
      168.3,
      168.3,
      168.3,
      378.9,
      378.9,
      378.9,
      1045.6,
      1045.6,
      1045.6
    ],
    "M": [
      22.1,
      48.3,
      65.4,
      91.7,
      101.2,
      121.8,
      158.4,
      172.6,
      172.6,
      365.1,
      365.1,
      390.2,
      1067.3,
      1067.3,
      1078.5
    ],
    "X": [
      18.9,
      42.7,
      72.3,
      88.4,
      105.6,
      118.3,
      155.1,
      163.8,
      178.9,
      348.7,
      371.4,
      371.4,
      1055.2,
      1072.8,
      1072.8
    ]
  },
  "sscha_min_freq_cm1": 15.664147331823544,
  "all_frequencies_real": true,
  "dynamically_stable": true,
  "h_stretch_shift_pct": 13.932555536809149,
  "h_bend_shift_pct": 6.080702010442368,
  "h_mode_hardening": true,
  "variational_check": {
    "F_sscha_meV_per_atom": -1.7326892450296951,
    "F_harmonic_meV_per_atom": 0.0,
    "F_sscha_leq_F_harm": true
  },
  "lambda_estimate": {
    "harmonic": 2.8,
    "sscha_estimated": 2.4562388159233275,
    "reduction_pct": 12.277185145595448,
    "method": "omega^(-2) frequency ratio estimate -- NOT from recomputed alpha^2F",
    "note": "Proper lambda requires SSCHA eigenvectors + DFPT e-ph (Plan 04-03)"
  },
  "tc_estimate_preliminary": {
    "harmonic_Tc_K": 278.0,
    "sscha_Tc_allen_dynes_K": 198.2452020733423,
    "reduction_pct": 28.688776232610678,
    "mustar": 0.13,
    "omega_log_harm_K": 1175.5,
    "omega_log_sscha_K": 1287.8821402282022,
    "method": "Allen-Dynes with SSCHA lambda and estimated omega_log",
    "note": "Preliminary ONLY -- full Eliashberg with anharmonic alpha^2F needed"
  },
  "convergence_metrics": {
    "final_free_energy_meV_per_atom": -1.7326892450296951,
    "final_gradient_Ry2": 1.8148838208437213e-08,
    "final_kong_liu": 0.7342134318891099,
    "free_energy_range_last3_meV": 0.04478293676737066,
    "freq_range_last3_cm1": 0.18784964426052042
  },
  "verification_summary": {
    "V1_variational_principle": "PASS",
    "V2_dynamic_stability": "PASS",
    "V3_acoustic_at_gamma": "PASS",
    "V4_h_mode_hardening": "PASS",
    "V5_kong_liu_ratio": "PASS",
    "V6_lambda_reduction_range": "CHECK"
  },
  "references": {
    "errea_2015": "Errea et al., PRL 114, 157004 (2015) -- H3S SSCHA benchmark",
    "monacelli_2021": "Monacelli et al., J. Phys.: Condens. Matter 33, 363001 (2021) -- SSCHA method"
  },
  "population_count": 20
}