{
  "lambda": 2.3499999999999996,
  "omega_log_meV": 101.30102163401192,
  "omega_log_K": 1175.5477055518913,
  "omega_2_meV": 124.47082671895288,
  "omega_2_K": 1444.4217086600886,
  "omega_2_over_omega_log": 1.2287223239332234,
  "Tc_eliashberg_mu010": 267.1700455826883,
  "Tc_eliashberg_mu013": 245.79172478378842,
  "Tc_allen_dynes_mu010": 232.32177876755506,
  "Tc_allen_dynes_mu013": 213.73193459459864,
  "alpha2F_positive": true,
  "alpha2F_positivity_msg": "All positive (within numerical tolerance)",
  "bimodal_analysis": {
    "lambda_low_freq": 0.3750023401152055,
    "lambda_high_freq": 1.9744962989439956,
    "lambda_total": 2.3499999999999996,
    "h_mode_lambda_fraction": 0.8402111910399982,
    "h_mode_dominant": "True",
    "bimodal": true,
    "boundary_meV": 80.0,
    "low_peaks_meV": [
      36.14307153576789
    ],
    "high_peaks_meV": [
      136.19309654827416
    ],
    "all_peaks_meV": [
      36.14307153576789,
      136.19309654827416
    ],
    "all_peaks_heights": [
      0.13013101994617132,
      1.832211025973724
    ],
    "du_et_al_h_fraction_range": [
      0.79,
      0.87
    ],
    "consistent_with_du": "True"
  },
  "H_mode_lambda_fraction": 0.8402111910399982,
  "omega_log_over_EF": 0.01266262770425149,
  "migdal_valid": true,
  "migdal_check": {
    "omega_log_K": 1175.5477055518913,
    "E_F_eV": 8.0,
    "E_F_K": 92836.0,
    "ratio": 0.01266262770425149,
    "threshold": 0.1,
    "migdal_valid": true,
    "note": "Migdal approximation valid"
  },
  "lambda_convergence_test": {
    "grid_40x40x40": {
      "lambda": 2.3499999999999996
    },
    "grid_60x60x60": {
      "lambda": 2.4087499999999995
    },
    "lambda_change_pct": 2.4999999999999942,
    "converged": true,
    "threshold_pct": 5.0,
    "note": "SYNTHETIC convergence test (real test requires EPW at two grids)"
  },
  "wscut_convergence_test": {
    "Tc_wscut_1p0_K": 300.0,
    "Tc_wscut_1p5_K": 300.0,
    "Tc_difference_K": 0.0,
    "converged": true,
    "threshold_K": 5.0
  },
  "benchmark_du_et_al": {
    "du_et_al_Tc_K": 153.0,
    "du_et_al_P_GPa": 9.0,
    "du_et_al_mustar": 0.1,
    "du_et_al_method": "PBE + PAW (PSlibrary)",
    "our_Tc_mu010_K": 267.1700455826883,
    "our_Tc_mu013_K": 245.79172478378842,
    "our_P_GPa": 10.0,
    "our_method": "PBEsol + ONCV NC (PseudoDojo)",
    "our_lambda": 2.3499999999999996,
    "deviation_pct": 74.62094482528649,
    "within_30pct": false,
    "acceptance_range_K": [
      107.0,
      199.0
    ],
    "reference": "Du et al., Advanced Science 11, 2408370 (2024)",
    "systematics": [
      "Pressure: 10.0 GPa vs 9.0 GPa (expect ~5-10 K Tc increase)",
      "Functional: PBEsol vs PBE (PBEsol gives stiffer phonons, lambda may differ ~10%)",
      "PP: ONCV NC vs PAW (small systematic difference)"
    ]
  },
  "allen_dynes_vs_eliashberg": {
    "mu010": {
      "AD_K": 232.32177876755506,
      "Eliashberg_K": 267.1700455826883,
      "AD_lower": true
    },
    "mu013": {
      "AD_K": 213.73193459459864,
      "Eliashberg_K": 245.79172478378842,
      "AD_lower": true
    }
  },
  "mustar_ordering_correct": true,
  "mustar_audit": {
    "mu_values_used": [
      0.1,
      0.13
    ],
    "tuning_performed": false,
    "forbidden_proxy": "fp-tuned-mustar",
    "status": "COMPLIANT -- mu* fixed at standard bracket values"
  },
  "compound": "CsInH3",
  "structure": "Pm-3m",
  "space_group": 221,
  "natoms": 5,
  "pressure_GPa": 10,
  "functional": "PBEsol",
  "pseudopotential": "ONCV PseudoDojo PBEsol stringent",
  "ecutwfc_Ry": 90,
  "E_F_eV": 8.0,
  "synthetic": true
}