{
  "compound": "Hg1234",
  "lambda": 1.31,
  "omega_log_meV": 18.7,
  "omega_log_K": 217.4,
  "omega_2_meV": 44.9,
  "N_EF_per_spin": 2.62,
  "N_EF_total": 5.25,
  "n_wannier_functions": 53,
  "alpha2F_data": {
    "omega_meV": [
      0.1,
      1.1,
      2.1,
      3.1,
      4.1,
      5.1,
      6.1,
      7.1,
      8.1,
      9.1,
      10.1,
      11.1,
      12.1,
      13.1,
      14.1,
      15.1,
      16.1,
      17.1,
      18.1,
      19.1,
      20.1,
      21.1,
      22.1,
      23.1,
      24.1,
      25.1,
      26.1,
      27.1,
      28.1,
      29.1,
      30.1,
      31.1,
      32.1,
      33.1,
      34.1,
      35.1,
      36.1,
      37.1,
      38.1,
      39.1,
      40.1,
      41.1,
      42.1,
      43.1,
      44.1,
      45.1,
      46.1,
      47.1,
      48.1,
      49.1,
      50.1,
      51.1,
      52.1,
      53.1,
      54.1,
      55.1,
      56.1,
      57.1,
      58.1,
      59.1,
      60.1,
      61.1,
      62.1,
      63.1,
      64.1,
      65.1,
      66.1,
      67.1,
      68.1,
      69.1,
      70.1,
      71.1,
      72.1,
      73.1,
      74.1,
      75.1,
      76.1,
      77.1,
      78.1,
      79.1,
      80.1,
      81.1,
      82.1,
      83.1,
      84.1,
      85.1,
      86.1,
      87.1,
      88.1,
      89.1
    ],
    "alpha2F": [
      0.0127,
      0.01208,
      0.01739,
      0.02185,
      0.03576,
      0.0255,
      0.03617,
      0.04885,
      0.04997,
      0.05663,
      0.05945,
      0.07346,
      0.07581,
      0.09257,
      0.08843,
      0.09978,
      0.0989,
      0.1071,
      0.10718,
      0.12623,
      0.12943,
      0.12196,
      0.14242,
      0.12898,
      0.1395,
      0.16114,
      0.1618,
      0.1711,
      0.16767,
      0.18673,
      0.19571,
      0.21739,
      0.23839,
      0.25168,
      0.27739,
      0.29782,
      0.31699,
      0.33926,
      0.35714,
      0.37649,
      0.39515,
      0.41918,
      0.43137,
      0.44812,
      0.47833,
      0.47647,
      0.48271,
      0.49052,
      0.49996,
      0.5016,
      0.51755,
      0.51403,
      0.52319,
      0.53036,
      0.53547,
      0.52702,
      0.52477,
      0.54574,
      0.5265,
      0.53085,
      0.53047,
      0.51994,
      0.51754,
      0.51124,
      0.50743,
      0.51463,
      0.496,
      0.49165,
      0.49266,
      0.47888,
      0.4711,
      0.4682,
      0.45,
      0.43295,
      0.40984,
      0.39571,
      0.37106,
      0.33528,
      0.3132,
      0.27695,
      0.25746,
      0.21557,
      0.1868,
      0.15959,
      0.14902,
      0.11935,
      0.09823,
      0.06983,
      0.05971,
      0.05171
    ]
  },
  "sum_rule_check": {
    "lambda_from_integral": 1.368,
    "lambda_reported": 1.31,
    "relative_error": 0.04425,
    "passes": true
  },
  "positivity_check": {
    "passes": true,
    "n_negative_values": 0
  },
  "comparison_with_hg1223": {
    "lambda_ratio": 1.0983,
    "omega_log_ratio": 0.7463,
    "N_EF_ratio": 1.3125
  },
  "data_source": "literature_model",
  "data_source_note": "alpha2F scaled from Hg1223 by N(E_F) ratio with IP/OP correction. NOT actual EPW output."
}