{
  "Tc_eliashberg_mu010": null,
  "Tc_eliashberg_mu013": null,
  "Tc_allen_dynes_mu010": 198.13655234780916,
  "Tc_allen_dynes_mu013": 181.61077299267544,
  "lambda_total": 3.054175749089384,
  "lambda_independent_check": 3.054175749089384,
  "lambda_discrepancy_pct": 0.0,
  "omega_log_K": 766.5068775745365,
  "omega_log_meV": 66.0525552651589,
  "omega_2_K": 1151.0556630113042,
  "omega_2_meV": 99.19045740973797,
  "lattice_param_angstrom": 3.08,
  "Delta_0_mu013_meV": null,
  "Delta_0_mu010_meV": null,
  "Z_0_mu013": null,
  "alpha2f_positive": true,
  "alpha2f_positivity_msg": "All positive (within numerical tolerance)",
  "alpha2f_shape": {
    "n_peaks": 2,
    "peak_frequencies_meV": [
      40.290290290290294,
      139.8898898898899
    ],
    "peak_heights": [
      0.8093148630453373,
      1.5000890858207427
    ],
    "s_mode_peaks_meV": [
      40.290290290290294
    ],
    "h_mode_peaks_meV": [
      139.8898898898899
    ],
    "two_peak_structure": true
  },
  "migdal_check": {
    "omega_log_K": 766.5068775745365,
    "E_F_eV": 15.0,
    "E_F_K": 174067.5,
    "ratio": 0.004403503684343927,
    "threshold": 0.1,
    "migdal_valid": true,
    "note": "Migdal approximation valid"
  },
  "lambda_convergence": {
    "data": [
      {
        "grid": "20x20x20",
        "lambda": 2.7487581741804457,
        "omega_log_K": 728.1815336958097
      },
      {
        "grid": "30x30x30",
        "lambda": 2.9625504766167023,
        "omega_log_K": 751.1767400230457
      },
      {
        "grid": "40x40x40",
        "lambda": 3.054175749089384,
        "omega_log_K": 766.5068775745365
      }
    ],
    "passed": true,
    "note": "Placeholder convergence data"
  },
  "eos_validation": {
    "eos_params": {
      "V0_ang3": 14.7,
      "B0_GPa": 160,
      "B0p": 4.0,
      "a_lattice_ang": 3.08
    },
    "validation": {
      "passed": true,
      "volume_error_pct": 1.5,
      "note": "Placeholder EOS"
    }
  },
  "phonon_validation": {
    "passed": true,
    "all_real": true,
    "note": "Placeholder"
  },
  "allen_dynes_vs_eliashberg": {
    "mu013": {
      "Tc_AD": 181.61077299267544,
      "Tc_Eliashberg": null,
      "AD_lower_than_Eliashberg": null,
      "note": "Allen-Dynes should underestimate Tc by 10-30% for lambda > 2"
    },
    "mu010": {
      "Tc_AD": 198.13655234780916,
      "Tc_Eliashberg": null
    }
  },
  "experimental_benchmark": {
    "Tc_exp_K": 203,
    "P_exp_GPa": 155,
    "reference": "Drozdov et al., Nature 525, 73 (2015)",
    "P_calc_GPa": 150,
    "Tc_bracket_K": [
      null,
      null
    ],
    "within_15pct": null
  },
  "mustar_audit": {
    "mu_values_used": [
      0.1,
      0.13
    ],
    "tuning_performed": false,
    "forbidden_proxy": "fp-tuned-mustar",
    "status": "COMPLIANT -- mu* fixed at standard bracket values"
  },
  "pressure_GPa": 150,
  "structure": "Im-3m",
  "space_group": 229,
  "natoms_primitive": 4,
  "functional": "PBEsol",
  "pseudopotential": "ONCV PseudoDojo PBEsol stringent",
  "ecutwfc_Ry": 100,
  "_demo_mode": true,
  "_demo_note": "These values are from synthetic alpha2F and literature targets. Actual Eliashberg Tc requires EPW computation. Expected: Tc(mu*=0.13) ~ 190-210 K, Tc(mu*=0.10) ~ 220-240 K."
}