{
  "compound": "Hg1245",
  "scenario_A_paramagnetic": {
    "lambda": 1.5,
    "omega_log_K": 217.4,
    "omega_log_meV": 18.7,
    "N_EF_total": 6.5,
    "n_fermi_sheets": 5
  },
  "scenario_B_AF_2OP": {
    "lambda": 0.82,
    "omega_log_K": 217.4,
    "omega_log_meV": 18.7,
    "N_EF_total_effective": 2.7,
    "n_fermi_sheets": 2
  },
  "lambda_paramagnetic": 1.5,
  "lambda_2OP": 0.82,
  "omega_log": 217.4,
  "alpha2F": {
    "omega_meV": [
      0.1,
      1.1,
      2.1,
      3.1,
      4.1,
      5.1,
      6.1,
      7.1,
      8.1,
      9.1,
      10.1,
      11.1,
      12.1,
      13.1,
      14.1,
      15.1,
      16.1,
      17.1,
      18.1,
      19.1,
      20.1,
      21.1,
      22.1,
      23.1,
      24.1,
      25.1,
      26.1,
      27.1,
      28.1,
      29.1,
      30.1,
      31.1,
      32.1,
      33.1,
      34.1,
      35.1,
      36.1,
      37.1,
      38.1,
      39.1,
      40.1,
      41.1,
      42.1,
      43.1,
      44.1,
      45.1,
      46.1,
      47.1,
      48.1,
      49.1,
      50.1,
      51.1,
      52.1,
      53.1,
      54.1,
      55.1,
      56.1,
      57.1,
      58.1,
      59.1,
      60.1,
      61.1,
      62.1,
      63.1,
      64.1,
      65.1,
      66.1,
      67.1,
      68.1,
      69.1,
      70.1,
      71.1,
      72.1,
      73.1,
      74.1,
      75.1,
      76.1,
      77.1,
      78.1,
      79.1,
      80.1,
      81.1,
      82.1,
      83.1,
      84.1,
      85.1,
      86.1,
      87.1,
      88.1,
      89.1
    ],
    "alpha2F_A": [
      0.01454,
      0.01383,
      0.01991,
      0.02501,
      0.04095,
      0.0292,
      0.04141,
      0.05594,
      0.05722,
      0.06484,
      0.06808,
      0.08411,
      0.0868,
      0.10599,
      0.10125,
      0.11426,
      0.11324,
      0.12263,
      0.12272,
      0.14454,
      0.1482,
      0.13965,
      0.16308,
      0.14769,
      0.15973,
      0.18451,
      0.18526,
      0.19592,
      0.19199,
      0.21381,
      0.2241,
      0.24891,
      0.27296,
      0.28818,
      0.31762,
      0.34101,
      0.36297,
      0.38846,
      0.40894,
      0.4311,
      0.45246,
      0.47998,
      0.49393,
      0.51311,
      0.54771,
      0.54558,
      0.55272,
      0.56167,
      0.57247,
      0.57436,
      0.59262,
      0.58858,
      0.59907,
      0.60728,
      0.61313,
      0.60346,
      0.60088,
      0.62489,
      0.60287,
      0.60785,
      0.60741,
      0.59535,
      0.59261,
      0.58539,
      0.58102,
      0.58927,
      0.56794,
      0.56296,
      0.56412,
      0.54834,
      0.53943,
      0.53611,
      0.51527,
      0.49574,
      0.46928,
      0.45311,
      0.42487,
      0.38391,
      0.35863,
      0.31712,
      0.29481,
      0.24684,
      0.21389,
      0.18274,
      0.17064,
      0.13666,
      0.11247,
      0.07996,
      0.06837,
      0.05921
    ],
    "alpha2F_B": [
      0.00795,
      0.00756,
      0.01088,
      0.01367,
      0.02239,
      0.01596,
      0.02264,
      0.03058,
      0.03128,
      0.03545,
      0.03722,
      0.04598,
      0.04745,
      0.05794,
      0.05535,
      0.06246,
      0.0619,
      0.06704,
      0.06709,
      0.07902,
      0.08102,
      0.07634,
      0.08915,
      0.08073,
      0.08732,
      0.10087,
      0.10128,
      0.1071,
      0.10496,
      0.11688,
      0.12251,
      0.13607,
      0.14922,
      0.15754,
      0.17363,
      0.18642,
      0.19842,
      0.21236,
      0.22355,
      0.23567,
      0.24735,
      0.26239,
      0.27001,
      0.2805,
      0.29941,
      0.29825,
      0.30216,
      0.30704,
      0.31295,
      0.31398,
      0.32396,
      0.32176,
      0.32749,
      0.33198,
      0.33518,
      0.32989,
      0.32848,
      0.34161,
      0.32957,
      0.33229,
      0.33205,
      0.32546,
      0.32396,
      0.32001,
      0.31763,
      0.32214,
      0.31048,
      0.30775,
      0.30839,
      0.29976,
      0.29489,
      0.29307,
      0.28168,
      0.271,
      0.25654,
      0.2477,
      0.23226,
      0.20987,
      0.19605,
      0.17336,
      0.16116,
      0.13494,
      0.11693,
      0.0999,
      0.09328,
      0.07471,
      0.06148,
      0.04371,
      0.03737,
      0.03237
    ]
  },
  "data_source": "literature_model"
}