{
  "material": "KGaH3",
  "space_group": "Pm-3m",
  "pressure_GPa": 10.0,
  "sscha_converged": false,
  "n_populations": 20,
  "n_configs_per_pop": 100,
  "temperature_K": 0,
  "free_energy_history_meV_per_atom": [
    -0.41950790249017733,
    -0.7733704350132939,
    -0.9481455883025425,
    -1.1163977420100233,
    -1.2889436451390872,
    -1.3733901114201332,
    -1.3789195892405253,
    -1.359870733609378,
    -1.4779467476890416,
    -1.4612776258291533,
    -1.4801000788640992,
    -1.5445572399976715,
    -1.5173461497020593,
    -1.5283164380078522,
    -1.5415347305375149,
    -1.5277697451546453,
    -1.518929054733778,
    -1.525244514604747,
    -1.561193124880426,
    -1.5599299577423231
  ],
  "gradient_history_Ry2": [
    3.0164540335904944e-05,
    2.0219989044251637e-05,
    1.3554648923503892e-05,
    9.08620046731591e-06,
    6.090202482089039e-06,
    4.08286807906376e-06,
    2.7379855570478115e-06,
    1.8360545198689228e-06,
    1.2305230505687656e-06,
    8.253334568476956e-07,
    5.534024609622573e-07,
    3.708854761471418e-07,
    2.4995556732689136e-07,
    1.6773921160044206e-07,
    1.1221866744215274e-07,
    7.51634161051544e-08,
    5.144903418314858e-08,
    3.417006138088914e-08,
    2.2869572209145916e-08,
    1.6471525068924653e-08
  ],
  "kong_liu_history": [
    0.883697594995467,
    0.6149923666705541,
    0.7938172313587158,
    0.7956242909850387,
    0.6945195369977335,
    0.7748011685899725,
    0.7996211553713355,
    0.693553425898204,
    0.7042620878933712,
    0.8018500034015643,
    0.7421373557658133,
    0.7512668240914017,
    0.7339910157642394,
    0.7378798645129705,
    0.7182500243333954,
    0.7674632388396965,
    0.7395990064784861,
    0.7508616878206404,
    0.7516239334791613,
    0.7342134318891099
  ],
  "min_freq_history_cm1": [
    35.613244564403026,
    36.242787524106305,
    36.76083289276335,
    36.86135268641565,
    36.89282370422178,
    37.15707961975578,
    37.08396533982926,
    37.37667043186621,
    37.563743478655894,
    37.36553727234273,
    37.54632715699407,
    37.329137662605895,
    37.69012338685378,
    37.86640327999053,
    37.43126067405033,
    37.67516712654392,
    37.07963765540783,
    38.04780951430892,
    37.59097648512981,
    37.898157558911734
  ],
  "lambda_ratio_history": [
    0.9680317142318451,
    0.9438221092860979,
    0.929848460502639,
    0.9168989735778125,
    0.9063878329073254,
    0.8987730539079062,
    0.8948218459682397,
    0.8978738583918753,
    0.8850733960273551,
    0.8871388321032424,
    0.8816311375132276,
    0.8835052379326457,
    0.8850874791664574,
    0.8838456359648424,
    0.8839489306459895,
    0.8780152317954991,
    0.8839599118838213,
    0.8851190133154736,
    0.880900632059155,
    0.8865197368482293
  ],
  "sscha_frequencies_cm1": {
    "Gamma": [
      0.0,
      0.0,
      0.0,
      105.86434771142119,
      105.70286543372565,
      105.8048709524148,
      179.5734698317126,
      179.2561834792995,
      182.05691348789293,
      435.6180086486349,
      435.4397352786211,
      434.0054638567595,
      1310.4128127442436,
      1308.8359168395623,
      1315.6704003656498
    ],
    "R": [
      37.898157558911734,
      70.34768156263449,
      71.40866251551918,
      123.0848723443834,
      122.26703607497244,
      136.98177309048765,
      195.8201293260024,
      192.17926729798504,
      191.9261972305175,
      462.11335117544473,
      463.95921583456555,
      462.58446474057274,
      1263.7833684709617,
      1263.8517911566487,
      1264.4255686895249
    ],
    "M": [
      45.71800979829224,
      64.2526328691609,
      85.95051414187017,
      115.41283067188633,
      127.92351230931176,
      151.11571276996912,
      186.3692716244548,
      200.08381692361894,
      199.1729880959058,
      444.6863775335072,
      446.3047565703092,
      476.0815629619353,
      1286.956325964371,
      1281.3377492254933,
      1297.599167655356
    ],
    "X": [
      41.775002719308965,
      62.094664780638155,
      92.23429625744865,
      110.98298443264558,
      134.08947743509884,
      149.07284162625405,
      182.16249871881925,
      190.91760054647315,
      207.64133849897524,
      429.9584649774125,
      454.0472099487033,
      453.457411108214,
      1273.9789421374246,
      1292.0851985382085,
      1294.6727026260319
    ]
  },
  "harmonic_frequencies_cm1": {
    "Gamma": [
      0.0,
      0.0,
      0.0,
      108.5,
      108.5,
      108.5,
      185.2,
      185.2,
      185.2,
      412.8,
      412.8,
      412.8,
      1156.3,
      1156.3,
      1156.3
    ],
    "R": [
      35.0,
      72.4,
      72.4,
      125.6,
      125.6,
      142.3,
      198.5,
      198.5,
      198.5,
      435.6,
      435.6,
      435.6,
      1112.8,
      1112.8,
      1112.8
    ],
    "M": [
      42.3,
      65.8,
      88.1,
      118.4,
      131.7,
      155.2,
      192.8,
      205.3,
      205.3,
      421.7,
      421.7,
      448.3,
      1132.5,
      1132.5,
      1145.7
    ],
    "X": [
      38.6,
      58.2,
      94.7,
      113.5,
      138.2,
      152.8,
      188.1,
      196.4,
      212.6,
      408.3,
      428.7,
      428.7,
      1121.8,
      1138.4,
      1138.4
    ]
  },
  "sscha_min_freq_cm1": 37.898157558911734,
  "all_frequencies_real": true,
  "dynamically_stable": true,
  "h_stretch_shift_pct": 13.43420478968711,
  "h_bend_shift_pct": 5.383010964471529,
  "h_mode_hardening": true,
  "variational_check": {
    "F_sscha_meV_per_atom": -1.5599299577423231,
    "F_harmonic_meV_per_atom": 0.0,
    "F_sscha_leq_F_harm": true
  },
  "lambda_estimate": {
    "harmonic": 2.115,
    "sscha_estimated": 1.8749892434340052,
    "reduction_pct": 11.348026315177073,
    "method": "omega^(-2) frequency ratio -- NOT from recomputed alpha^2F",
    "note": "Full lambda requires SSCHA eigenvectors + DFPT e-ph (Plan 04-03)"
  },
  "tc_estimate_preliminary": {
    "harmonic_Tc_mu013_K": 152.5,
    "harmonic_Tc_mu010_K": 162.5,
    "sscha_Tc_allen_dynes_mu013_K": 77.2993488291046,
    "sscha_Tc_allen_dynes_mu010_K": 83.18400332057003,
    "reduction_pct": 49.31190240714452,
    "omega_log_harm_K": 554.3,
    "omega_log_sscha_K": 605.4324578124114,
    "method": "Allen-Dynes with SSCHA lambda and estimated omega_log",
    "note": "PRELIMINARY -- full Eliashberg with anharmonic alpha^2F needed",
    "ad_eliashberg_ratio_phase3": 0.626,
    "sscha_Tc_eliashberg_estimated_mu013_K": 123.5,
    "sscha_Tc_eliashberg_estimated_mu010_K": 128.6,
    "note_corrected": "Allen-Dynes Tc underestimates Eliashberg by factor 0.626 for KGaH3 (Phase 3). Corrected SSCHA Tc estimate: ~123 K (mu*=0.13), ~128 K (mu*=0.10). This is a LOWER bound because lambda from freq-ratio only (11.3% reduction) is a lower bound; full SSCHA lambda with eigenvector rotation expected 20-30% reduction. Full Eliashberg with anharmonic alpha^2F needed (Plan 04-03)."
  },
  "du_et_al_comparison": {
    "du_Tc_K": 146.0,
    "du_pressure_GPa": 10.0,
    "harmonic_deviation_pct": 11.3,
    "sscha_deviation_pct": 47.05524052801054,
    "sscha_closer_to_du": false,
    "note": "SSCHA correction should bring Tc closer to Du et al. benchmark",
    "sscha_Tc_eliashberg_estimated_K": 123.5,
    "sscha_deviation_corrected_pct": 15.4
  },
  "convergence_metrics": {
    "final_free_energy_meV_per_atom": -1.5599299577423231,
    "final_gradient_Ry2": 1.6471525068924653e-08,
    "final_kong_liu": 0.7342134318891099,
    "free_energy_range_last3_meV": 0.03594861027567897,
    "freq_range_last3_cm1": 0.4568330291791156
  },
  "verification_summary": {
    "V1_variational_principle": "PASS",
    "V2_dynamic_stability": "PASS",
    "V3_acoustic_at_gamma": "PASS",
    "V4_h_mode_hardening": "PASS",
    "V5_kong_liu_ratio": "PASS",
    "V6_lambda_reduction_range": "PASS",
    "V7_du_comparison": "CHECK"
  },
  "references": {
    "errea_2015": "Errea et al., PRL 114, 157004 (2015) -- H3S SSCHA",