{
  "LaH2": {
    "P_GPa": 15,
    "alpha_vc": 0.30007919999999993,
    "alpha_vc_range": [
      0.21005543999999995,
      0.39010295999999994
    ],
    "alpha_vc_details": {
      "alpha_0": 0.3,
      "f_flat": 1.0,
      "f_H": 0.97,
      "f_phonon": 1.0312,
      "flatness_ratio": 1.2490909090909093
    },
    "omega_D_over_EF": 3.2945454545454544,
    "F_linear": 1.988624564363636,
    "F_full": 1.825771136124826,
    "F_range": [
      1.5780397952873786,
      2.073502476962274
    ],
    "Tc_Eliashberg_K": {
      "central": 228.57589027459676,
      "lower": 219.45642856607068,
      "upper": 238.10097508418536
    },
    "Tc_NA_K": {
      "central": 417.3272628773941,
      "lower": 346.3109776089014,
      "upper": 493.70296160419105
    },
    "reaches_300K_central": true,
    "reaches_300K_upper": true,
    "lambda_ph": 2.581570420209141,
    "omega_log_K": 1262.8210550616272,
    "W_meV": 68.7,
    "E_F_meV": 55.0
  },
  "YH2": {
    "P_GPa": 15,
    "alpha_vc": 0.2939286,
    "alpha_vc_range": [
      0.20575001999999998,
      0.38210718
    ],
    "alpha_vc_details": {
      "alpha_0": 0.3,
      "f_flat": 1.0,
      "f_H": 0.94,
      "f_phonon": 1.0423,
      "flatness_ratio": 1.2008733624454149
    },
    "omega_D_over_EF": 2.7991266375545854,
    "F_linear": 1.8227433737991268,
    "F_full": 1.7075952291254934,
    "F_range": [
      1.4953166603878454,
      1.9198737978631417
    ],
    "Tc_Eliashberg_K": {
      "central": 230.31542658840002,
      "lower": 220.86167782914035,
      "upper": 240.12812216479935
    },
    "Tc_NA_K": {
      "central": 393.2855236363547,
      "lower": 330.2581464991264,
      "upper": 461.01568987427777
    },
    "reaches_300K_central": true,
    "reaches_300K_upper": true,
    "lambda_ph": 2.2543168481392453,
    "omega_log_K": 1439.4179718176413,
    "W_meV": 82.5,
    "E_F_meV": 68.7
  },
  "ScH2": {
    "P_GPa": 20,
    "alpha_vc": 0.29088149999999996,
    "alpha_vc_range": [
      0.20361704999999997,
      0.37814594999999995
    ],
    "alpha_vc_details": {
      "alpha_0": 0.3,
      "f_flat": 1.0,
      "f_H": 0.9099999999999999,
      "f_phonon": 1.0655,
      "flatness_ratio": 1.1548223350253808
    },
    "omega_D_over_EF": 2.734771573604061,
    "F_linear": 1.7954944574873095,
    "F_full": 1.6867196760225156,
    "F_range": [
      1.480703773215761,
      1.8927355788292701
    ],
    "Tc_Eliashberg_K": {
      "central": 219.90170965215137,
      "lower": 209.53351898615654,
      "upper": 230.58367854134318
    },
    "Tc_NA_K": {
      "central": 370.91254046127403,
      "lower": 310.2570721779783,
      "upper": 436.43393227253154
    },
    "reaches_300K_central": true,
    "reaches_300K_upper": true,
    "lambda_ph": 1.7257088585324207,
    "omega_log_K": 1555.0780691410112,
    "W_meV": 91.0,
    "E_F_meV": 78.8
  },
  "LaH3": {
    "P_GPa": 10,
    "alpha_vc": 0.3166941,
    "alpha_vc_range": [
      0.22168586999999998,
      0.41170233
    ],
    "alpha_vc_details": {
      "alpha_0": 0.3,
      "f_flat": 1.0,
      "f_H": 1.03,
      "f_phonon": 1.0249,
      "flatness_ratio": 1.200514138817481
    },
    "omega_D_over_EF": 4.4961439588688945,
    "F_linear": 2.4239022645244215,
    "F_full": 2.1037987862913607,
    "F_range": [
      1.7726591504039524,
      2.434938422178769
    ],
    "Tc_Eliashberg_K": {
      "central": 255.73273777964872,
      "lower": 245.79808146627246,
      "upper": 266.1727096881959
    },
    "Tc_NA_K": {
      "central": 538.0102233557918,
      "lower": 435.71621826292403,
      "upper": 648.1141577552232
    },
    "reaches_300K_central": true,
    "reaches_300K_upper": true,
    "lambda_ph": 3.189858329612364,
    "omega_log_K": 1181.4763561798543,
    "W_meV": 46.7,
    "E_F_meV": 38.9
  }
}