{
  "phase": "44-anisotropic-eliashberg-solver-and-d-wave-gap",
  "plan": "01",
  "script_version": "3.0.0",
  "python_version": "3.13.7 (v3.13.7:bcee1c32211, Aug 14 2025, 19:10:51) [Clang 16.0.0 (clang-1600.0.26.6)]",
  "numpy_version": "2.3.3",
  "random_seed": 42,
  "input_parameters": {
    "lambda_ph": 1.1927,
    "lambda_sf": 1.8,
    "omega_log_meV": 25.1,
    "omega_log_K": 291.3,
    "omega_sf_meV": 41.0,
    "omega_sf_K": 475.785242991569,
    "lambda_total": 2.9927,
    "Tc_iso_v9_K": 108.4,
    "mu_star_bracket": [
      0.1,
      0.13
    ],
    "tight_binding": {
      "t_meV": 250,
      "tp_over_t": -0.35,
      "tpp_over_t": 0.12
    }
  },
  "anisotropy_metrics": {
    "Delta_max_over_avg": 1.0147887685537695,
    "a_sq_MK": 0.009895851625750098,
    "eta_weak_coupling": 1.00496018701196,
    "eta_strong_coupling": 1.0024831146287783
  },
  "isotropic_Tc": {
    "mu_0.10": 95.72687895629639,
    "mu_0.13": 88.61727813332449,
    "v9_reference": 108.4,
    "omega_log_eff_K": 402.2611512630147
  },
  "d_wave_Tc": {
    "Tc_d_base_K": 125.65865155342827,
    "Tc_d_aniso_K": 125.97067638933314,
    "mu_star_d": 0.0,
    "note": "mu* = 0 in d-wave (Coulomb evasion); same kernel as v9.0",
    "boost_over_v9_iso_pct": 16.209111060270416,
    "coulomb_boost_pct": 31.267887267897954,
    "eta_aniso": 1.0024831146287783,
    "lambda_sf_bracket": {
      "low_1.2": 101.87018111776985,
      "central_1.8": 125.97067638933314,
      "high_2.4": 147.36905595473004
    }
  },
  "gap_analysis": {
    "Delta_max_over_avg": 1.0147887685537695,
    "Delta_rms_over_avg": 1.0049357450234069,
    "nodes_near_zero": true,
    "node_values": [
      0.0021503951105941305,
      -0.010752552478373395,
      -0.015054381354715221,
      0.006451300707842431
    ],
    "antinode_values": [
      -1.0,
      0.9999452084884113,
      -0.9997017173247329,
      0.9998478067989505
    ],
    "gap_symmetry": "B1g (d_{x^2-y^2})"
  },
  "convergence": {
    "k_mesh_convergence": [
      {
        "N_k": 64,
        "Tc_aniso_K": 125.73901471751638,
        "Tc_iso_K": 95.72687895629639,
        "Tc_d_base_K": 125.65865155342827,
        "eta": 1.0006395354644877,
        "Delta_max_over_avg": 1.0037968806981001,
        "a_sq": 0.002553398796791833
      },
      {
        "N_k": 128,
        "Tc_aniso_K": 125.81832338334114,
        "Tc_iso_K": 95.72687895629639,
        "Tc_d_base_K": 125.65865155342827,
        "eta": 1.0012706791608772,
        "Delta_max_over_avg": 1.0075465269440398,
        "a_sq": 0.005070100757243066
      },
      {
        "N_k": 256,
        "Tc_aniso_K": 125.97067638933314,
        "Tc_iso_K": 95.72687895629639,
        "Tc_d_base_K": 125.65865155342827,
        "eta": 1.0024831146287783,
        "Delta_max_over_avg": 1.0147887685537695,
        "a_sq": 0.009895851625750098
      },
      {
        "N_k": 512,
        "Tc_aniso_K": 126.24330841177678,
        "Tc_iso_K": 95.72687895629639,
        "Tc_d_base_K": 125.65865155342827,
        "eta": 1.004652738598742,
        "Delta_max_over_avg": 1.0278320757390236,
        "a_sq": 0.0185024612643589
      },
      {
        "N_k": 1024,
        "Tc_aniso_K": 126.25060392123932,
        "Tc_iso_K": 95.72687895629639,
        "Tc_d_base_K": 125.65865155342827,
        "eta": 1.0047107967536908,
        "Delta_max_over_avg": 1.028183495780289,
        "a_sq": 0.018732262203464932
      }
    ]
  },
  "gap_function": {
    "phi_k_rad": [
      0.0,
      0.02356194490192345,
      0.0486946861306418,
      0.07382742735936014,
      0.0973893722612836,
      0.12252211349000194,
      0.14765485471872028,
      0.17121679962064373,
      0.19634954084936207,
      0.22148228207808043,
      0.2450442269800039,
      0.2701769682087222,
      0.29530970943744056,
      0.31887165433936404,
      0.3440043955680824,
      0.3691371367968007,
      0.39269908169872414,
      0.41783182292744253,
      0.44296456415616087,
      0.4665265090580843,
      0.49165925028680263,
      0.516791991515521,
      0.5419247327442394,
      0.5654866776461628,
      0.5906194188748811,
      0.6157521601035995,
      0.639314105005523,
      0.6644468462342413,
      0.6895795874629597,
      0.7131415323648831,
      0.7382742735936014,
      0.7634070148223198,
      0.7869689597242432,
      0.8121017009529615,
      0.8372344421816799,
      0.8607963870836034,
      0.8859291283123217,
      0.9110618695410401,
      0.9346238144429635,
      0.9597565556716818,
      0.9848892969004002,
      1.0084512418023237,
      1.033583983031042,
      1.0587167242597604,
      1.0838494654884787,
      1.1074114103904023,
      1.1325441516191206,
      1.157676892847839,
      1.1812388377497622,
      1.2063715789784806,
      1.231504320207199,
      1.2550662651091224,
      1.2801990063378408,
      1.3053317475665591,
      1.3288936924684827,
      1.354026433697201,
      1.3791591749259193,
      1.4027211198278426,
      1.427853861056561,
      1.4529866022852793,
      1.4765485471872029,
      1.5016812884159212,
      1.5268140296446395,
      1.550375974546563,
      1.5755087157752814,
      1.6006414570039997,
      1.625774198232718,
      1.6493361431346414,
      1.6744688843633597,
      1.6996016255920783,
      1.7231635704940016,
      1.74829631172272,
      1.7734290529514383,
      1.7969909978533618,
      1.8221237390820801,
      1.8472564803107985,
      1.870818425212722,
      1.8959511664414403,
      1.9210839076701587,
      1.944645852572082,
      1.9697785938008003,
      1.9949113350295187,
      2.018473279931442,
      2.0436060211601603,
      2.068738762388879,
      2.0938715036175974,
      2.1174334485195208,
      2.142566189748239,
      2.1676989309769574,
      2.1912608758788807,
      2.2163936171075993,
      2.2415263583363174,
      2.265088303238241,
      2.2902210444669593,
      2.315353785695678,
      2.338915730597601,
      2.3640484718263193,
      2.389181213055038,
      2.412743157956961,
      2.4378758991856797,
      2.463008640414398,
      2.4865705853163216,
      2.5117033265450397,
      2.5368360677737583,
      2.5603980126756816,
      2.5855307539043997,
      2.6106634951331182,
      2.635796236361837,
      2.65935818126376,
      2.6844909224924782,
      2.709623663721197,
      2.73318560862312,
      2.7583183498518387,
      2.7834510910805568,
      2.8070130359824805,
      2.8321457772111986,
      2.857278518439917,
      2.8808404633418405,
      2.9059732045705586,
      2.931105945799277,
      2.9546678907012005,
      2.979800631929919,
      3.004933373158637,
      3.028495318060561,
      3.053628059289279,
      3.0787608005179976,
      3.102322745419921,
      3.127455486648639,
      3.1525882278773576,
      3.1777209691060757,
      3.2012829140079995,
      3.2264156552367176,
      3.251548396465436,
      3.2751103413673595,
      3.300243082596078,
      3.325375823824796,
      3.3489377687267194,
      3.374070509955438,
      3.3992032511841566,
      3.42276519608608,
      3.447897937314798,
      3.4730306785435165,
      3.49659262344544,
      3.5217253646741584,
      3.5468581059028765,
      3.5704200508048003,
      3.5955527920335184,
      3.620685533262237,
      3.6442474781641603,
      3.6693802193928784,
      3.694512960621597,
      3.719645701850315,
      3.743207646752239,
      3.768340387980957,
      3.7934731292096755,
      3.817035074111599,
      3.8421678153403174,
      3.8673005565690355,
      3.890862501470959,
      3.9159952426996774,
      3.941127983928396,
      3.9646899288303192,
      3.9898226700590373,
      4.0149554112877555,
      4.038517356189679,
      4.063650097418398,
      4.088782838647116,
      4.112344783549039,
      4.137477524777758,
      4.162610266006476,
      4.187743007235195,
      4.211304952137118,
      4.236437693365836,
      4.261570434594555,
      4.285132379496478,
      4.310265120725196,
      4.335397861953915,
