{
  "lambda": 1.1927,
  "omega_log_meV": 25.1,
  "omega_log_K": 291.3,
  "omega_2_meV": 45.98,
  "N_EF_per_spin": 2.0,
  "N_EF_total": 4.0,
  "fine_k_grid": [
    20,
    20,
    10
  ],
  "fine_q_grid": [
    20,
    20,
    10
  ],
  "coarse_k_grid": [
    8,
    8,
    4
  ],
  "coarse_q_grid": [
    4,
    4,
    2
  ],
  "n_wannier_functions": 39,
  "wannier_projections": "Cu:d (15) + O:p (24) = 39",
  "disentanglement_window_eV": {
    "outer": [
      -6,
      6
    ],
    "frozen": [
      -2,
      2
    ]
  },
  "alpha2F_data": {
    "omega_meV": [
      0.1,
      1.1,
      2.1,
      3.1,
      4.1,
      5.1,
      6.1,
      7.1,
      8.1,
      9.1,
      10.1,
      11.1,
      12.1,
      13.1,
      14.1,
      15.1,
      16.1,
      17.1,
      18.1,
      19.1,
      20.1,
      21.1,
      22.1,
      23.1,
      24.1,
      25.1,
      26.1,
      27.1,
      28.1,
      29.1,
      30.1,
      31.1,
      32.1,
      33.1,
      34.1,
      35.1,
      36.1,
      37.1,
      38.1,
      39.1,
      40.1,
      41.1,
      42.1,
      43.1,
      44.1,
      45.1,
      46.1,
      47.1,
      48.1,
      49.1,
      50.1,
      51.1,
      52.1,
      53.1,
      54.1,
      55.1,
      56.1,
      57.1,
      58.1,
      59.1,
      60.1,
      61.1,
      62.1,
      63.1,
      64.1,
      65.1,
      66.1,
      67.1,
      68.1,
      69.1,
      70.1,
      71.1,
      72.1,
      73.1,
      74.1,
      75.1,
      76.1,
      77.1,
      78.1,
      79.1,
      80.1,
      81.1,
      82.1,
      83.1,
      84.1,
      85.1,
      86.1,
      87.1,
      88.1,
      89.1
    ],
    "alpha2F": [
      0.01156,
      0.011,
      0.01583,
      0.01989,
      0.03256,
      0.02322,
      0.03293,
      0.04448,
      0.0455,
      0.05156,
      0.05413,
      0.06688,
      0.06902,
      0.08428,
      0.08051,
      0.09085,
      0.09004,
      0.09751,
      0.09758,
      0.11493,
      0.11784,
      0.11104,
      0.12967,
      0.11743,
      0.12701,
      0.14671,
      0.14731,
      0.15578,
      0.15266,
      0.17001,
      0.17819,
      0.19792,
      0.21704,
      0.22914,
      0.25255,
      0.27115,
      0.28861,
      0.30888,
      0.32516,
      0.34278,
      0.35977,
      0.38165,
      0.39274,
      0.40799,
      0.4355,
      0.43381,
      0.43949,
      0.4466,
      0.45519,
      0.45669,
      0.47121,
      0.468,
      0.47634,
      0.48287,
      0.48752,
      0.47983,
      0.47778,
      0.49687,
      0.47936,
      0.48332,
      0.48297,
      0.47338,
      0.4712,
      0.46546,
      0.46199,
      0.46855,
      0.45159,
      0.44763,
      0.44855,
      0.436,
      0.42892,
      0.42628,
      0.40971,
      0.39418,
      0.37314,
      0.36028,
      0.33783,
      0.30526,
      0.28516,
      0.25215,
      0.23441,
      0.19627,
      0.17007,
      0.1453,
      0.13568,
      0.10866,
      0.08943,
      0.06358,
      0.05436,
      0.04708
    ]
  },
  "alpha2F_peaks_meV": [
    18.0,
    42.0,
    62.0,
    75.0
  ],
  "alpha2F_peak_character": [
    "Ba/Ca rattler modes (weak coupling)",
    "Cu-O bending modes (moderate coupling)",
    "Cu-O stretching/breathing (STRONGEST -- main lambda source)",
    "Apical O modes (moderate-weak)"
  ],
  "sum_rule_check": {
    "lambda_from_integral": 1.1927,
    "lambda_reported": 1.1927,
    "relative_error": 2.6e-05,
    "passes": true
  },
  "positivity_check": {
    "passes": true,
    "n_negative_values": 0,
    "max_negative": 0.0
  },
  "migdal_check": {
    "ratio": 0.0126,
    "passes": true,
    "detail": "omega_log/E_F = 25.1 meV / 2000 meV = 0.0126 < 0.1 -- Migdal theorem holds; adiabatic Eliashberg is valid."
  },
  "lambda_diagnostic": "DIAGNOSTIC: lambda = 1.0-2.0 -- strong e-ph coupling. This is in the range needed for Tc ~ 151 K from phonons alone via Eliashberg. Consistent with strong-coupling cuprate superconductivity.",
  "data_source": "literature_model",
  "data_source_note": "alpha2F constructed from published Hg-family cuprate data. NOT actual EPW output. Replace with real EPW results when available. Models PURE e-ph coupling only (no spin fluctuation enhancement). Sources: Pashitskii & Pentegov LTP 2008, Savrasov & Andersen PRL 1996, Bohnen et al. PRL 2001 [UNVERIFIED - training data]",
  "expected_physics_notes": [
    "alpha2F dominated by Cu-O stretching modes at 55-80 meV",
    "Corresponds to ARPES kink at ~70 meV seen in all cuprates",
    "Pure e-ph lambda may be 0.7-1.5; spin fluctuations add ~0.5-1.0",
    "omega_log << H3S (1200 K) because max phonon freq is 3-4x lower",
    "Migdal theorem holds: omega_log/E_F ~ 0.015 << 0.1"
  ]
}